{"last_download_failure": 1695186705.0894558, "last_download_success": 1694748805.386212}