{"last_download_success": 1681201631.3083513, "last_download_failure": 1695186702.0859275}