{"last_download_failure": 1695186706.0910013, "last_download_success": 1693676753.604199}