{"last_download_failure": 1695186703.0870554, "last_download_success": 1695184012.1172726, "unseen_downloads": []}