{"last_download_failure": 1695186704.0882154, "last_download_success": 1695184031.2247822, "unseen_downloads": []}