{"last_download_success": 1695184038.1544814, "last_download_failure": 1695186707.092638}